{"cameraMode":{"drawMode":0,"name":"Shaded","section":"Shading Mode"},"sceneLighting":true,"audioPlay":false,"sceneViewState":{"showFog":true,"showMaterialUpdate":false,"showSkybox":true,"showFlares":true,"showImageEffects":true,"showParticleSystems":true},"in2DMode":false,"pivot":{"x":-1.4350218772888184,"y":-1.183245062828064,"z":-8.296679496765137},"rotation":{"x":-0.22772277891635896,"y":-0.024247348308563234,"z":0.005672387313097715,"w":-0.9734075665473938},"size":7.660738945007324,"orthographic":false}