{"cameraMode":{"drawMode":0,"name":"Shaded","section":"Shading Mode"},"sceneLighting":true,"audioPlay":false,"sceneViewState":{"showFog":false,"showMaterialUpdate":false,"showSkybox":false,"showFlares":false,"showImageEffects":false,"showParticleSystems":true},"in2DMode":false,"pivot":{"x":-0.2478044480085373,"y":1.0534743070602418,"z":-9.280501365661621},"rotation":{"x":-0.10182339698076248,"y":0.0002939716796390712,"z":-0.000030133212931104936,"w":-0.9948024749755859},"size":0.9648415446281433,"orthographic":false}